description,brand
Seeking a sleek and stylish sedan with high performance.,Jaguar
Exploring the latest luxury sedan model with advanced technology features.,Jaguar
In search of a sporty vehicle with top-notch performance features.,Jaguar
Embarking on a family adventure and need a spacious SUV with outdoor-friendly features.,Discovery
Curious about the off-road capabilities of an adventure-ready vehicle. Seeking comfort and space.,Discovery
On the lookout for a reliable SUV for camping trips and family adventures.,Discovery
Interested in a rugged and durable off-road vehicle for challenging journeys.,Defender
Questioning the towing capacity. Planning outdoor activities and need a reliable companion.,Defender
Searching for a reliable and tough off-road vehicle for adventurous journeys.,Defender
Desiring a luxury SUV with top-notch features. Exploring available options in the high-end series.,Range Rover
Curious about hybrid options. Interested in an eco-friendly choice.,Range Rover
In need of a high-end SUV with a focus on comfort and style. Any recommendations?,Range Rover
Looking for a sleek and powerful sedan with high performance.,Jaguar
What's the latest model of luxury sedans? Interested in advanced technology features.,Jaguar
Suggest a sporty car with top-notch features for an exhilarating driving experience.,Jaguar
Planning a family road trip and need a spacious SUV with outdoor-friendly features.,Discovery
Tell me about the off-road capabilities of SUVs. Looking for comfort and space.,Discovery
I'm searching for a tough and reliable SUV for camping adventures and family trips.,Discovery
Interested in a rugged off-road vehicle. What options are available?,Defender
Tell me about the towing capacity. Planning outdoor activities and need a robust vehicle.,Defender
Looking for a reliable and tough vehicle for off-road adventures and exploration.,Defender
I want a luxury SUV with top-notch features. Any recommendations in the high-end series?,Range Rover
Curious about hybrid options. Interested in an eco-friendly choice.,Range Rover
I need a high-end SUV with a focus on comfort and style. Any suggestions?,Range Rover
